,recall,precision,accuracy
RandomForest,0.777270791506966,0.6847464894415264,0.8111643185056198
LogReg,0.6952959129511678,0.561662557616036,0.7472890612632579
NaiveBayes,0.6793309783000505,0.5050380533819273,0.7292425201836314
RandomForestGrid,0.7413547467944567,0.6135705863436596,0.7782966598068704
